-- 초기 지점 데이터
INSERT INTO branches (id, name) VALUES 
  ('550e8400-e29b-41d4-a716-446655440001', '서울점'),
  ('550e8400-e29b-41d4-a716-446655440002', '부산점'),
  ('550e8400-e29b-41d4-a716-446655440003', '대구점'),
  ('550e8400-e29b-41d4-a716-446655440004', '인천점'),
  ('550e8400-e29b-41d4-a716-446655440005', '광주점')
ON CONFLICT (id) DO NOTHING;

-- 초기 사용자 데이터
INSERT INTO users (id, username, password, role, branch_id) VALUES 
  ('550e8400-e29b-41d4-a716-446655440010', 'admin', 'admin123', 'admin', NULL),
  ('550e8400-e29b-41d4-a716-446655440011', 'branch_seoul', 'seoul123', 'branch', '550e8400-e29b-41d4-a716-446655440001'),
  ('550e8400-e29b-41d4-a716-446655440012', 'branch_busan', 'busan123', 'branch', '550e8400-e29b-41d4-a716-446655440002'),
  ('550e8400-e29b-41d4-a716-446655440013', 'branch_daegu', 'daegu123', 'branch', '550e8400-e29b-41d4-a716-446655440003')
ON CONFLICT (username) DO NOTHING;

-- 초기 가챠 아이템 데이터
INSERT INTO gacha_items (id, name, image, total_stock) VALUES 
  ('550e8400-e29b-41d4-a716-446655440020', '레어 피규어 세트', '/placeholder.svg?height=200&width=200&text=레어+피규어', 100),
  ('550e8400-e29b-41d4-a716-446655440021', '한정판 카드팩', '/placeholder.svg?height=200&width=200&text=한정판+카드', 200)
ON CONFLICT (id) DO NOTHING;

-- 초기 재고 할당 데이터
INSERT INTO branch_allocations (gacha_item_id, branch_id, allocated_stock) VALUES 
  ('550e8400-e29b-41d4-a716-446655440020', '550e8400-e29b-41d4-a716-446655440001', 30),
  ('550e8400-e29b-41d4-a716-446655440020', '550e8400-e29b-41d4-a716-446655440002', 25),
  ('550e8400-e29b-41d4-a716-446655440020', '550e8400-e29b-41d4-a716-446655440003', 20),
  ('550e8400-e29b-41d4-a716-446655440020', '550e8400-e29b-41d4-a716-446655440004', 15),
  ('550e8400-e29b-41d4-a716-446655440020', '550e8400-e29b-41d4-a716-446655440005', 10),
  ('550e8400-e29b-41d4-a716-446655440021', '550e8400-e29b-41d4-a716-446655440001', 50),
  ('550e8400-e29b-41d4-a716-446655440021', '550e8400-e29b-41d4-a716-446655440002', 40),
  ('550e8400-e29b-41d4-a716-446655440021', '550e8400-e29b-41d4-a716-446655440003', 35),
  ('550e8400-e29b-41d4-a716-446655440021', '550e8400-e29b-41d4-a716-446655440004', 35),
  ('550e8400-e29b-41d4-a716-446655440021', '550e8400-e29b-41d4-a716-446655440005', 40)
ON CONFLICT (gacha_item_id, branch_id) DO NOTHING;
